id,city,birthdate
50,Linköping,1985-05-26T00:00:00
49,Stockholm,1949-06-24T00:00:00
48,Stockholm,1994-03-28T00:00:00
47,Uppsala,1998-03-22T00:00:00
46,Västerås,1980-09-04T00:00:00
45,Stockholm,1957-01-04T00:00:00
44,Stockholm,1993-10-24T00:00:00
43,Stockholm,1958-09-21T00:00:00
42,Linköping,1956-11-26T00:00:00
41,Stockholm,1955-12-06T00:00:00
40,Örebro,1992-06-01T00:00:00
39,Stockholm,1989-04-03T00:00:00
38,Stockholm,1990-10-12T00:00:00
37,Stockholm,1992-10-17T00:00:00
36,Linköping,1959-12-16T00:00:00
35,Stockholm,1980-01-26T00:00:00
34,Stockholm,1985-06-10T00:00:00
33,Stockholm,1961-06-22T00:00:00
32,Stockholm,1976-12-07T00:00:00
31,Göteborg,1959-12-04T00:00:00
30,Burträsk,1983-03-30T00:00:00
29,Stockholm,1986-08-11T00:00:00
28,Stockholm,1984-08-02T00:00:00
27,Stockholm,1989-11-26T00:00:00
26,Linköping,1954-05-27T00:00:00
25,Stockholm,2000-07-31T00:00:00
24,Stockholm,1954-05-11T00:00:00
23,Stockholm,1989-01-10T00:00:00
22,Stockholm,2000-11-09T00:00:00
21,Västerås,1988-11-13T00:00:00
20,Örebro,1963-10-20T00:00:00
19,Göteborg,1985-08-06T00:00:00
18,Uppsala,1991-03-19T00:00:00
17,Göteborg,1995-07-13T00:00:00
16,Västerås,1989-12-02T00:00:00
15,Linköping,1976-10-28T00:00:00
14,Göteborg,1978-03-20T00:00:00
13,Göteborg,1991-02-26T00:00:00
12,Stockholm,1997-10-25T00:00:00
11,Uppsala,1963-03-08T00:00:00
10,Örebro,1990-03-12T00:00:00
9,Göteborg,1960-05-09T00:00:00
8,Örebro,1980-11-04T00:00:00
7,Örebro,1956-05-07T00:00:00
6,Stockholm,1989-10-07T00:00:00
5,Uppsala,1996-02-11T00:00:00
4,Örebro,1991-01-17T00:00:00
3,Stockholm,1988-08-07T00:00:00
2,Uppsala,1989-05-26T00:00:00
1,Linköping,1990-12-06T00:00:00
51,Örebro,2000-07-02T00:00:00
52,Stockholm,2001-07-05T00:00:00
53,Burträsk,1989-05-20T00:00:00
54,Västerås,1996-07-29T00:00:00
55,Örebro,1960-08-17T00:00:00
56,Linköping,1995-04-02T00:00:00
57,Stockholm,1951-08-31T00:00:00
58,Göteborg,1988-06-18T00:00:00
59,Stockholm,1989-08-11T00:00:00
60,Göteborg,1995-04-28T00:00:00
61,Göteborg,1959-03-16T00:00:00
62,Åmål,1984-12-05T00:00:00
63,Linköping,1987-12-14T00:00:00
64,Göteborg,1979-01-15T00:00:00
65,Stockholm,1992-10-15T00:00:00
66,Västerås,1956-02-27T00:00:00
67,Stockholm,1960-01-18T00:00:00
68,Örebro,1991-01-04T00:00:00
69,Örebro,1951-09-29T00:00:00
70,Stockholm,1977-05-31T00:00:00
71,Uppsala,1961-06-23T00:00:00
72,Linköping,1989-10-27T00:00:00
73,Västerås,1960-04-30T00:00:00
74,Örebro,1955-07-25T00:00:00
75,Stockholm,1969-12-02T00:00:00
76,Linköping,1962-02-15T00:00:00
77,Burträsk,1958-03-14T00:00:00
78,Malmö,1974-05-23T00:00:00
79,Burträsk,1958-04-18T00:00:00
80,Stockholm,1956-02-10T00:00:00
81,Västerås,1957-06-21T00:00:00
82,Mora,1986-02-02T00:00:00
83,Stockholm,1963-06-18T00:00:00
84,Örebro,1982-12-16T00:00:00
85,Västerås,2001-11-24T00:00:00
86,Örebro,1965-04-10T00:00:00
87,Stockholm,1986-08-11T00:00:00
88,Stockholm,1953-02-14T00:00:00
89,Västerås,1986-12-13T00:00:00
90,Uppsala,1953-01-03T00:00:00
91,Stockholm,1983-06-22T00:00:00
92,Stockholm,1957-05-12T00:00:00
93,Göteborg,1958-11-08T00:00:00
94,Stockholm,1994-11-01T00:00:00
95,Stockholm,1950-11-02T00:00:00
96,Västerås,1956-03-16T00:00:00
97,Uppsala,1988-08-24T00:00:00
98,Göteborg,1991-04-02T00:00:00
99,Örebro,1960-03-09T00:00:00
100,Västerås,1984-04-05T00:00:00
101,Linköping,1962-09-20T00:00:00
102,Göteborg,1955-10-09T00:00:00
103,Västerås,2004-04-07T00:00:00
104,Pajala,1971-04-22T00:00:00
105,Göteborg,1953-04-16T00:00:00
106,Stockholm,1998-03-18T00:00:00
107,Göteborg,1965-08-27T00:00:00
108,Västerås,1976-06-07T00:00:00
109,Malmö,1985-02-15T00:00:00
110,Malmö,1991-12-06T00:00:00
111,Västerås,1981-10-09T00:00:00
112,Malmö,1955-10-18T00:00:00
113,Uppsala,1992-09-25T00:00:00
114,Stockholm,1988-09-22T00:00:00
115,Göteborg,1986-11-06T00:00:00
116,Stockholm,1986-10-30T00:00:00
117,Malmö,1996-09-03T00:00:00
118,Stockholm,1959-07-17T00:00:00
119,Linköping,1990-08-20T00:00:00
120,Göteborg,1958-01-16T00:00:00
121,Göteborg,1956-04-23T00:00:00
122,Göteborg,1962-07-14T00:00:00
123,Linköping,1961-12-13T00:00:00
124,Västerås,1974-12-23T00:00:00
125,Stockholm,1950-01-06T00:00:00
126,Göteborg,1990-12-03T00:00:00
127,Stockholm,1990-09-05T00:00:00
128,Västerås,1985-05-27T00:00:00
129,Stockholm,1997-02-01T00:00:00
130,Örebro,1990-12-18T00:00:00
131,Stockholm,1945-08-22T00:00:00
132,Linköping,1956-06-22T00:00:00
133,Stockholm,1987-10-11T00:00:00
134,Göteborg,1985-06-29T00:00:00
135,Stockholm,1960-04-15T00:00:00
136,Stockholm,1987-08-25T00:00:00
137,Malmö,1994-07-11T00:00:00
138,Malmö,1956-10-01T00:00:00
139,Stockholm,1984-11-20T00:00:00
140,Göteborg,1993-07-20T00:00:00
141,Göteborg,1963-01-28T00:00:00
142,Västerås,1996-04-14T00:00:00
143,Västerås,1992-05-06T00:00:00
144,Stockholm,1965-10-08T00:00:00
145,Stockholm,1991-06-21T00:00:00
146,Stockholm,1962-01-28T00:00:00
147,Västerås,1992-08-24T00:00:00
148,Stockholm,1959-04-26T00:00:00
149,Stockholm,1987-08-01T00:00:00
150,Uppsala,1956-01-27T00:00:00
151,Västerås,1957-01-05T00:00:00
152,Malmö,1979-10-25T00:00:00
153,Göteborg,1953-12-03T00:00:00
154,Stockholm,1958-03-14T00:00:00
155,Stockholm,1989-08-29T00:00:00
156,Malmö,1993-11-18T00:00:00
157,Stockholm,1992-10-21T00:00:00
158,Västerås,1957-05-23T00:00:00
159,Burträsk,1982-03-24T00:00:00
160,Stockholm,1957-08-13T00:00:00
161,Örebro,1953-02-22T00:00:00
162,Stockholm,1958-09-08T00:00:00
163,Göteborg,1985-12-05T00:00:00
164,Västerås,1989-12-14T00:00:00
165,Pajala,1957-10-31T00:00:00
166,Stockholm,1992-10-31T00:00:00
167,Linköping,1961-05-07T00:00:00
168,Stockholm,1989-10-07T00:00:00
169,Stockholm,1980-03-04T00:00:00
170,Örebro,1952-07-21T00:00:00
171,Stockholm,1955-06-26T00:00:00
172,Malmö,1994-03-29T00:00:00
173,Mora,1976-02-22T00:00:00
174,Göteborg,1966-08-15T00:00:00
175,Uppsala,1997-07-18T00:00:00
176,Örebro,1964-03-25T00:00:00
177,Stockholm,1985-02-09T00:00:00
178,Malmö,1984-12-16T00:00:00
179,Stockholm,1978-01-30T00:00:00
180,Örebro,1955-07-29T00:00:00
181,Mora,1985-09-19T00:00:00
182,Örebro,1999-10-22T00:00:00
183,Linköping,1992-01-17T00:00:00
184,Stockholm,1984-09-11T00:00:00
185,Malmö,1981-09-12T00:00:00
186,Malmö,1956-10-01T00:00:00
187,Göteborg,1983-10-01T00:00:00
188,Linköping,1956-04-09T00:00:00
189,Uppsala,1986-08-24T00:00:00
190,Stockholm,1985-09-14T00:00:00
191,Linköping,1989-02-20T00:00:00
192,Burträsk,1985-07-23T00:00:00
193,Åmål,1950-11-10T00:00:00
194,Linköping,1954-05-03T00:00:00
195,Stockholm,1960-02-08T00:00:00
196,Stockholm,1970-10-11T00:00:00
197,Stockholm,1991-12-07T00:00:00
198,Örebro,1964-09-16T00:00:00
199,Stockholm,1986-03-06T00:00:00
200,Västerås,1956-01-23T00:00:00
201,Linköping,1958-10-13T00:00:00
202,Stockholm,1996-03-08T00:00:00
203,Uppsala,1957-11-22T00:00:00
204,Malmö,1956-10-13T00:00:00
205,Örebro,1992-07-17T00:00:00
206,Örebro,1978-07-03T00:00:00
207,Göteborg,1986-05-21T00:00:00
208,Örebro,1990-03-18T00:00:00
209,Stockholm,1991-02-03T00:00:00
210,Malmö,1979-11-04T00:00:00
211,Uppsala,1986-04-30T00:00:00
212,Stockholm,1998-08-30T00:00:00
213,Stockholm,1986-03-01T00:00:00
214,Uppsala,1961-11-26T00:00:00
215,Uppsala,1973-02-13T00:00:00
216,Göteborg,1964-12-07T00:00:00
217,Örebro,1994-07-09T00:00:00
218,Uppsala,1955-11-08T00:00:00
219,Uppsala,1987-07-15T00:00:00
220,Stockholm,1988-03-25T00:00:00
221,Malmö,1983-06-27T00:00:00
222,Stockholm,1980-07-27T00:00:00
223,Stockholm,1981-01-18T00:00:00
224,Västerås,1984-03-01T00:00:00
225,Örebro,1992-08-18T00:00:00
226,Linköping,1996-05-24T00:00:00
227,Stockholm,1986-03-08T00:00:00
228,Linköping,1983-01-13T00:00:00
229,Malmö,1956-08-17T00:00:00
230,Stockholm,1996-09-23T00:00:00
231,Göteborg,1997-09-27T00:00:00
232,Stockholm,1962-04-04T00:00:00
233,Malmö,1984-10-21T00:00:00
234,Stockholm,1965-10-04T00:00:00
235,Göteborg,1975-05-26T00:00:00
236,Malmö,1985-11-20T00:00:00
237,Malmö,1952-05-11T00:00:00
238,Åmål,1945-02-05T00:00:00
239,Stockholm,1991-08-13T00:00:00
240,Västerås,1994-03-26T00:00:00
241,Stockholm,1982-02-25T00:00:00
242,Mora,1987-10-31T00:00:00
243,Malmö,1966-08-30T00:00:00
244,Örebro,1954-07-31T00:00:00
245,Stockholm,1990-10-02T00:00:00
246,Malmö,1992-06-26T00:00:00
247,Stockholm,1986-04-13T00:00:00
248,Pajala,1997-09-25T00:00:00
249,Uppsala,1983-11-26T00:00:00
250,Uppsala,1989-04-03T00:00:00
251,Linköping,1987-02-23T00:00:00
252,Stockholm,1941-09-21T00:00:00
253,Örebro,1995-12-31T00:00:00
254,Västerås,1999-12-09T00:00:00
255,Uppsala,1983-07-10T00:00:00
256,Stockholm,1962-10-22T00:00:00
257,Stockholm,1997-09-11T00:00:00
258,Örebro,1956-03-08T00:00:00
259,Stockholm,1987-03-04T00:00:00
260,Malmö,1996-11-18T00:00:00
261,Örebro,1988-05-19T00:00:00
262,Västerås,1949-07-02T00:00:00
263,Västerås,1983-04-12T00:00:00
264,Linköping,1981-10-14T00:00:00
265,Stockholm,1992-06-27T00:00:00
266,Uppsala,1949-10-25T00:00:00
267,Uppsala,1988-08-18T00:00:00
268,Stockholm,1949-08-07T00:00:00
269,Uppsala,1994-03-01T00:00:00
270,Västerås,1999-09-29T00:00:00
271,Göteborg,1951-05-20T00:00:00
272,Stockholm,1951-07-06T00:00:00
273,Stockholm,1956-05-08T00:00:00
274,Uppsala,1983-01-14T00:00:00
275,Göteborg,1962-11-09T00:00:00
276,Stockholm,1990-02-02T00:00:00
277,Stockholm,2000-02-29T00:00:00
278,Pajala,1962-01-25T00:00:00
279,Malmö,1994-06-02T00:00:00
280,Göteborg,1998-11-30T00:00:00
281,Linköping,1995-03-25T00:00:00
282,Malmö,1961-08-15T00:00:00
283,Stockholm,1981-03-24T00:00:00
284,Uppsala,1958-11-06T00:00:00
285,Uppsala,1990-06-08T00:00:00
286,Stockholm,1961-12-22T00:00:00
287,Stockholm,1956-05-31T00:00:00
288,Malmö,1960-07-24T00:00:00
289,Stockholm,1956-06-06T00:00:00
290,Västerås,1979-05-28T00:00:00
291,Göteborg,1982-11-14T00:00:00
292,Örebro,1982-09-07T00:00:00
293,Göteborg,1980-12-14T00:00:00
294,Stockholm,1982-03-21T00:00:00
295,Göteborg,1991-03-14T00:00:00
296,Örebro,1998-07-04T00:00:00
297,Stockholm,1980-09-10T00:00:00
298,Linköping,1980-07-05T00:00:00
299,Örebro,1960-11-16T00:00:00
300,Stockholm,1983-05-01T00:00:00
301,Örebro,1990-11-11T00:00:00
302,Göteborg,1953-02-11T00:00:00
303,Stockholm,1957-10-22T00:00:00
304,Örebro,1996-11-16T00:00:00
305,Stockholm,1984-02-18T00:00:00
306,Stockholm,1995-04-02T00:00:00
307,Stockholm,1980-06-19T00:00:00
308,Uppsala,1959-06-08T00:00:00
309,Stockholm,1953-12-06T00:00:00
310,Göteborg,1987-03-14T00:00:00
311,Göteborg,1950-05-25T00:00:00
312,Uppsala,1960-03-04T00:00:00
313,Västerås,1988-12-17T00:00:00
314,Stockholm,1994-09-27T00:00:00
315,Malmö,1982-11-25T00:00:00
316,Stockholm,1956-09-15T00:00:00
317,Stockholm,1996-01-14T00:00:00
318,Göteborg,1963-06-17T00:00:00
319,Uppsala,1956-09-04T00:00:00
320,Malmö,1992-09-27T00:00:00
321,Västerås,1984-01-15T00:00:00
322,Linköping,1951-08-11T00:00:00
323,Stockholm,1988-10-28T00:00:00
324,Örebro,1994-06-03T00:00:00
325,Linköping,1979-07-28T00:00:00
326,Stockholm,1951-02-21T00:00:00
327,Göteborg,1988-09-08T00:00:00
328,Uppsala,1993-01-08T00:00:00
329,Stockholm,1996-03-25T00:00:00
330,Pajala,1989-01-28T00:00:00
331,Stockholm,1995-11-03T00:00:00
332,Stockholm,1989-06-07T00:00:00
333,Stockholm,1989-07-13T00:00:00
334,Göteborg,1990-08-28T00:00:00
335,Stockholm,1963-08-01T00:00:00
336,Stockholm,1986-08-12T00:00:00
337,Stockholm,1995-05-08T00:00:00
338,Uppsala,1997-10-10T00:00:00
339,Stockholm,1992-08-31T00:00:00
340,Uppsala,1957-09-28T00:00:00
341,Malmö,1953-01-09T00:00:00
342,Västerås,1990-08-31T00:00:00
343,Stockholm,1990-10-29T00:00:00
344,Örebro,1986-03-19T00:00:00
345,Linköping,1989-06-21T00:00:00
346,Burträsk,1997-02-02T00:00:00
347,Stockholm,1963-10-09T00:00:00
348,Uppsala,1979-09-09T00:00:00
349,Örebro,1982-08-30T00:00:00
350,Stockholm,1948-11-17T00:00:00
351,Stockholm,1989-04-01T00:00:00
352,Stockholm,1993-05-06T00:00:00
353,Uppsala,1989-11-09T00:00:00
354,Malmö,1956-09-07T00:00:00
355,Linköping,1992-04-11T00:00:00
356,Malmö,1988-01-16T00:00:00
357,Burträsk,1947-08-18T00:00:00
358,Stockholm,1990-07-16T00:00:00
359,Stockholm,1955-04-11T00:00:00
360,Linköping,1953-08-18T00:00:00
361,Göteborg,1946-06-03T00:00:00
362,Västerås,1951-09-25T00:00:00
363,Stockholm,1967-06-26T00:00:00
364,Linköping,1958-06-17T00:00:00
365,Örebro,1959-09-13T00:00:00
366,Göteborg,1997-04-13T00:00:00
367,Stockholm,1985-06-12T00:00:00
368,Stockholm,1977-09-08T00:00:00
369,Göteborg,1994-10-04T00:00:00
370,Västerås,1949-02-16T00:00:00
371,Uppsala,1984-01-26T00:00:00
372,Göteborg,1956-06-10T00:00:00
373,Stockholm,1999-05-19T00:00:00
374,Linköping,1995-07-06T00:00:00
375,Stockholm,1982-02-05T00:00:00
376,Åmål,1964-11-18T00:00:00
377,Uppsala,1956-02-02T00:00:00
378,Uppsala,1952-01-11T00:00:00
379,Örebro,1972-08-24T00:00:00
380,Göteborg,1980-03-31T00:00:00
381,Linköping,1961-05-17T00:00:00
382,Västerås,1955-11-15T00:00:00
383,Örebro,1955-01-03T00:00:00
384,Malmö,1961-04-22T00:00:00
385,Stockholm,1982-03-21T00:00:00
386,Västerås,1958-01-20T00:00:00
387,Stockholm,1989-12-12T00:00:00
388,Stockholm,1993-02-08T00:00:00
389,Linköping,1990-07-18T00:00:00
390,Stockholm,1965-05-07T00:00:00
391,Uppsala,1992-01-22T00:00:00
392,Uppsala,1983-03-22T00:00:00
393,Stockholm,1997-05-22T00:00:00
394,Stockholm,1981-10-22T00:00:00
395,Linköping,1998-03-21T00:00:00
396,Västerås,1993-08-03T00:00:00
397,Stockholm,1961-06-30T00:00:00
398,Göteborg,1993-05-28T00:00:00
399,Göteborg,1995-09-24T00:00:00
400,Stockholm,1971-06-03T00:00:00
401,Örebro,1989-05-31T00:00:00
402,Stockholm,1991-02-22T00:00:00
403,Västerås,1962-03-31T00:00:00
404,Västerås,1980-05-12T00:00:00
405,Stockholm,1986-07-17T00:00:00
406,Örebro,1990-08-04T00:00:00
407,Stockholm,1958-06-13T00:00:00
408,Västerås,1953-08-10T00:00:00
409,Göteborg,1992-04-29T00:00:00
410,Västerås,1975-04-14T00:00:00
411,Göteborg,1997-10-05T00:00:00
412,Stockholm,1966-10-24T00:00:00
413,Burträsk,1957-11-28T00:00:00
414,Västerås,1954-10-18T00:00:00
415,Malmö,1964-01-01T00:00:00
416,Stockholm,1957-05-04T00:00:00
417,Göteborg,1990-09-02T00:00:00
418,Västerås,2004-11-28T00:00:00
419,Linköping,1951-08-24T00:00:00
420,Stockholm,1993-03-03T00:00:00
421,Stockholm,1965-05-05T00:00:00
422,Örebro,1963-01-18T00:00:00
423,Göteborg,1953-10-13T00:00:00
424,Västerås,1985-10-12T00:00:00
425,Stockholm,1987-08-04T00:00:00
426,Örebro,1994-04-10T00:00:00
427,Örebro,1976-03-05T00:00:00
428,Uppsala,1949-02-09T00:00:00
429,Stockholm,1998-09-10T00:00:00
430,Stockholm,1961-04-04T00:00:00
431,Örebro,1993-09-14T00:00:00
432,Malmö,1984-07-13T00:00:00
433,Örebro,1976-09-29T00:00:00
434,Stockholm,1950-11-30T00:00:00
435,Göteborg,1946-02-21T00:00:00
436,Stockholm,1957-05-27T00:00:00
437,Stockholm,1983-02-01T00:00:00
438,Stockholm,1962-01-14T00:00:00
439,Malmö,1990-08-06T00:00:00
440,Stockholm,1994-10-16T00:00:00
441,Stockholm,1990-07-30T00:00:00
442,Stockholm,1966-04-14T00:00:00
443,Göteborg,1962-04-20T00:00:00
444,Stockholm,1979-12-24T00:00:00
445,Göteborg,1995-07-11T00:00:00
446,Göteborg,1998-06-18T00:00:00
447,Stockholm,1991-12-11T00:00:00
448,Malmö,1991-02-26T00:00:00
449,Linköping,1994-03-08T00:00:00
450,Stockholm,1957-09-08T00:00:00
451,Stockholm,1997-02-26T00:00:00
452,Göteborg,1962-10-30T00:00:00
453,Stockholm,1987-11-21T00:00:00
454,Malmö,1984-01-07T00:00:00
455,Stockholm,1953-03-11T00:00:00
456,Stockholm,1961-03-01T00:00:00
457,Linköping,1994-10-19T00:00:00
458,Västerås,1954-09-04T00:00:00
459,Stockholm,1989-07-26T00:00:00
460,Göteborg,1958-08-11T00:00:00
461,Uppsala,1954-12-15T00:00:00
462,Västerås,1992-06-08T00:00:00
463,Stockholm,1988-07-05T00:00:00
464,Linköping,1946-05-07T00:00:00
465,Göteborg,1990-03-26T00:00:00
466,Stockholm,1992-12-24T00:00:00
467,Örebro,1999-09-26T00:00:00
468,Stockholm,1988-11-02T00:00:00
469,Stockholm,1951-01-21T00:00:00
470,Uppsala,1988-05-29T00:00:00
471,Göteborg,1980-11-05T00:00:00
472,Göteborg,1962-03-27T00:00:00
473,Malmö,1956-05-04T00:00:00
474,Göteborg,1985-10-23T00:00:00
475,Stockholm,1955-01-10T00:00:00
476,Örebro,1992-02-25T00:00:00
477,Malmö,2006-03-22T00:00:00
478,Stockholm,1980-02-23T00:00:00
479,Malmö,1953-11-10T00:00:00
480,Västerås,1993-03-25T00:00:00
481,Malmö,1958-10-10T00:00:00
482,Stockholm,1979-06-07T00:00:00
483,Stockholm,1955-04-10T00:00:00
484,Stockholm,1985-10-28T00:00:00
485,Stockholm,1991-09-24T00:00:00
486,Burträsk,1960-01-23T00:00:00
487,Stockholm,1966-05-20T00:00:00
488,Stockholm,1997-05-01T00:00:00
489,Burträsk,1996-01-17T00:00:00
490,Pajala,1993-09-19T00:00:00
491,Stockholm,1996-02-23T00:00:00
492,Göteborg,1991-01-05T00:00:00
493,Stockholm,1963-06-13T00:00:00
494,Stockholm,1984-01-09T00:00:00
495,Västerås,1953-09-10T00:00:00
496,Uppsala,1993-02-02T00:00:00
497,Malmö,2000-12-27T00:00:00
498,Malmö,1990-02-06T00:00:00
499,Västerås,1954-04-30T00:00:00
500,Stockholm,1954-12-21T00:00:00
501,Sverige,1985-05-26T00:00:00
502,Hobbiton,2968-09-22T00:00:00
